{
  "Text": "احجز جلسة",
  "Text1": "الدورات",
  "Text2": "طلاب",
  "Text3": "التعليمات",
  "Text4": "تنوير مبتكري الغد",
  "Text5": "علم الروبوتات",
  "Text6": "برمجة",
  "Text7": "الذكاء الاصطناعي",
  "Sign": "اشتراك",
  "Book Now": "احجز الآن",
  "StudentsExperience": "يختبر الطلاب العملية الكاملة لبناء الروبوت الخاص بهم من الصفر!",
  "Teaching The Fundemental": "تعليم أساسيات لغة الكمبيوتر والترميز باستخدام جافا و الثعبان!",
  "Understanding what": "فهم ماهية الذكاء الاصطناعي وكيفية استخدامه وبناء تطبيق الذكاء الاصطناعي الخاص بك!",
  "Stars Mission": "مهمة النجوم الشباب",
  "Welcome to Young Stars": "مرحبًا بكم في معامل نجوم الشباب ، أكاديمية التدريب الأولى لمبدعي الغد التي تقبل جميع الأعمار من 6 إلى 18 عامًا. يقدم برنامجنا الشامل تدريبًا في البرمجة والروبوتات والذكاء الاصطناعي من خلال المشاركة والأنشطة العملية. ",
  "TechnicalDevelopment": "تطورات تقنية",
  "Focusing on fun learning": "بالتركيز على التعلم الممتع ومشاركة الطلاب ، نقوم بتعليم طلابنا أساسيات برمجة الكمبيوتر وتصميم الأجهزة والبرامج والمبادئ الهندسية باستخدام أنشطة عملية تسمح للأطفال بتطبيق المبادئ العلمية والرياضية على مواقف العالم الحقيقي ، مما يعزز فهمهم لها. ",
  "MentalDevelopment": "التطور العقلي والفكري",
  "Modules and tasks": "تقوم الوحدات والمهام في كل فصل بتعليم الأطفال حل المشكلات والتفكير النقدي مما يعزز مهارات الإبداع والتواصل لديهم حيث يتعاونون مع زملائهم في حل المشكلات المعقدة باستخدام أمثلة عملية.",
  "Slate helps you see how many more days you need to work to reach your financial goal for the month and year.": "يساعدك Slate في معرفة عدد الأيام الإضافية التي تحتاجها للعمل للوصول إلى هدفك المالي للشهر والسنة.",
  "ReginaMiles": "ريجينا مايل",
  "Designer": "مصمم",
  "Developer": "مطور",
  "Manger": "مدير",
  "Solver": "حلال",
  "Freelancer": "مستقل",
  "Writer": "كاتب",
  "Asad": "أسد",
  "Hashir": "حشير",
  "Huzaifa": "حذيفة",
  "Naveed": "نافيد",
  "Zain": "زين",
  "Bilal": "بلال",
  "Happy teachers and parents": "من المعلمين وأولياء الأمور السعداء",
  "name": "اسم المستخدم",
  "Professionl": "مهنة",
  "Asked Question": "طرح سؤال بشكل متكرر",

  "faq_heading": {
    "Raw denim": "الدنيم الخام ربما لم تسمعه",
    "alignmentClass": "order-2"
  },



  "Williamsburg": "Williamsburg carles helvetica نباتي.",
  
  "Raw denim": "الدنيم الخام ربما لم تسمعه",
  "Anim pariatur": " reprehenderit، enim eiusmod high life accusamus terry richardson ad squid. 3 وولف مون أوفيسيا أوت ، لوح تزلج غير كيوبيداتات ، برنش دولور. شاحنة طعام الكينوا لا تحتاج إلى عمل. برانش 3 وولف مون مؤقت ، سونت أليكوا وضع طائرًا عليها حبار قهوة أحادية المنشأ خالية من افتراضات شورديتش إت. Nihil anim keffiyeh helvetica، craft beer labore يتناسب مع أندرسون كريدي. إعلان مستثنى نباتي نائب جزار لومو. صناعة الجعة من المزرعة إلى المائدة ، والدينيم الخام الجمالي ، الذي ربما لم تسمع به من قبل. ",
  "Reprehenderit": "Reprehenderit butucher الرجعية",
  "Cosby": "Cosby sweater eu banh mi",
  "Pages": "الصفحات",
  "Home": "بيت",
  "Russell": "راسل",
  "Pricing": "التسعير",
  "Product": "منتج",
  "About": "عن",
  "Contact": "اتصال",
  "Tomothy": "توموثي",
  "Elenovr Edwards": "إلينوفر إدواردز",
  "Ted Roberston": "تيد روبرتستون",
  "Annette Russel": "أنيت راسل",
  "Jinnie Mckinney": "جيني ماكيني",
  "Golria Richard": "جولريا ريتشارد",
  "Jane Black": "جين بلاك",
  "Philip Jones": "فيليب جونز",
  "Colleen Russell": "كولين راسل",
  "Marvin Hawkins": "مارفن هوكينز",
  "Bruce Simmions": "بروس سيميونز",
  "Professional": "احترافي",
  "Annette": "أنيت",
  "Jenniee Copper": "جيني كوبر",
  "Julie Henry": "جولي هنري",
  "Johnny Murphy": "جوني ميرفي",
  "Gregory Mccoy": "جريجوري مكوي",
  "Marvin Mckinney": "مارفن ماكيني"
}